business_name,category,city,address,phone,source
Business 1,Gym,Delhi,Address 1,9800000000,Google Maps
Business 2,Gym,Pune,Address 2,9800000001,Google Maps
Business 3,Salon,Lucknow,Address 3,9800000002,Google Maps
Business 4,School,Delhi,Address 4,9800000003,Google Maps
Business 5,Restaurant,Lucknow,Address 5,9800000004,Google Maps
Business 6,Restaurant,Delhi,Address 6,9800000005,Google Maps
Business 7,Clinic,Lucknow,Address 7,9800000006,Google Maps
Business 8,Gym,Delhi,Address 8,9800000007,Google Maps
Business 9,Restaurant,Mumbai,Address 9,9800000008,Google Maps
Business 10,Clinic,Noida,Address 10,9800000009,Google Maps
Business 11,Gym,Delhi,Address 11,9800000010,Google Maps
Business 12,Gym,Delhi,Address 12,9800000011,Google Maps
Business 13,Salon,Kanpur,Address 13,9800000012,Google Maps
Business 14,Hospital,Pune,Address 14,9800000013,Google Maps
Business 15,Restaurant,Mumbai,Address 15,9800000014,Google Maps
Business 16,Clinic,Mumbai,Address 16,9800000015,Google Maps
Business 17,Hospital,Mumbai,Address 17,9800000016,Google Maps
Business 18,Salon,Noida,Address 18,9800000017,Google Maps
Business 19,Restaurant,Mumbai,Address 19,9800000018,Google Maps
Business 20,Clinic,Lucknow,Address 20,9800000019,Google Maps
Business 21,School,Delhi,Address 21,9800000020,Google Maps
Business 22,Clinic,Delhi,Address 22,9800000021,Google Maps
Business 23,Gym,Mumbai,Address 23,9800000022,Google Maps
Business 24,Gym,Mumbai,Address 24,9800000023,Google Maps
Business 25,Hospital,Mumbai,Address 25,9800000024,Google Maps
Business 26,Clinic,Kanpur,Address 26,9800000025,Google Maps
Business 27,Gym,Pune,Address 27,9800000026,Google Maps
Business 28,School,Pune,Address 28,9800000027,Google Maps
Business 29,Gym,Lucknow,Address 29,9800000028,Google Maps
Business 30,Hospital,Delhi,Address 30,9800000029,Google Maps
Business 31,School,Kanpur,Address 31,9800000030,Google Maps
Business 32,Gym,Mumbai,Address 32,9800000031,Google Maps
Business 33,Salon,Lucknow,Address 33,9800000032,Google Maps
Business 34,School,Lucknow,Address 34,9800000033,Google Maps
Business 35,Hospital,Pune,Address 35,9800000034,Google Maps
Business 36,Salon,Kanpur,Address 36,9800000035,Google Maps
Business 37,Restaurant,Delhi,Address 37,9800000036,Google Maps
Business 38,Salon,Pune,Address 38,9800000037,Google Maps
Business 39,Gym,Pune,Address 39,9800000038,Google Maps
Business 40,Restaurant,Lucknow,Address 40,9800000039,Google Maps
Business 41,Restaurant,Noida,Address 41,9800000040,Google Maps
Business 42,Clinic,Lucknow,Address 42,9800000041,Google Maps
Business 43,School,Mumbai,Address 43,9800000042,Google Maps
Business 44,Gym,Lucknow,Address 44,9800000043,Google Maps
Business 45,Restaurant,Noida,Address 45,9800000044,Google Maps
Business 46,Restaurant,Noida,Address 46,9800000045,Google Maps
Business 47,School,Lucknow,Address 47,9800000046,Google Maps
Business 48,Restaurant,Lucknow,Address 48,9800000047,Google Maps
Business 49,Gym,Mumbai,Address 49,9800000048,Google Maps
Business 50,Clinic,Kanpur,Address 50,9800000049,Google Maps
Business 51,School,Kanpur,Address 51,9800000050,Google Maps
Business 52,Salon,Noida,Address 52,9800000051,Google Maps
Business 53,Restaurant,Kanpur,Address 53,9800000052,Google Maps
Business 54,Salon,Noida,Address 54,9800000053,Google Maps
Business 55,Restaurant,Mumbai,Address 55,9800000054,Google Maps
Business 56,Hospital,Lucknow,Address 56,9800000055,Google Maps
Business 57,Gym,Mumbai,Address 57,9800000056,Google Maps
Business 58,Hospital,Pune,Address 58,9800000057,Google Maps
Business 59,Gym,Kanpur,Address 59,9800000058,Google Maps
Business 60,Hospital,Delhi,Address 60,9800000059,Google Maps
Business 61,Clinic,Mumbai,Address 61,9800000060,Google Maps
Business 62,Clinic,Delhi,Address 62,9800000061,Google Maps
Business 63,Restaurant,Delhi,Address 63,9800000062,Google Maps
Business 64,Clinic,Pune,Address 64,9800000063,Google Maps
Business 65,Gym,Noida,Address 65,9800000064,Google Maps
Business 66,Restaurant,Pune,Address 66,9800000065,Google Maps
Business 67,Salon,Delhi,Address 67,9800000066,Google Maps
Business 68,Hospital,Mumbai,Address 68,9800000067,Google Maps
Business 69,Hospital,Pune,Address 69,9800000068,Google Maps
Business 70,Gym,Delhi,Address 70,9800000069,Google Maps
Business 71,Clinic,Noida,Address 71,9800000070,Google Maps
Business 72,Clinic,Pune,Address 72,9800000071,Google Maps
Business 73,Clinic,Delhi,Address 73,9800000072,Google Maps
Business 74,Clinic,Pune,Address 74,9800000073,Google Maps
Business 75,Clinic,Noida,Address 75,9800000074,Google Maps
Business 76,Hospital,Pune,Address 76,9800000075,Google Maps
Business 77,School,Kanpur,Address 77,9800000076,Google Maps
Business 78,Gym,Pune,Address 78,9800000077,Google Maps
Business 79,School,Delhi,Address 79,9800000078,Google Maps
Business 80,Gym,Pune,Address 80,9800000079,Google Maps
Business 81,School,Delhi,Address 81,9800000080,Google Maps
Business 82,Clinic,Mumbai,Address 82,9800000081,Google Maps
Business 83,Salon,Delhi,Address 83,9800000082,Google Maps
Business 84,Hospital,Lucknow,Address 84,9800000083,Google Maps
Business 85,Salon,Lucknow,Address 85,9800000084,Google Maps
Business 86,Restaurant,Delhi,Address 86,9800000085,Google Maps
Business 87,Clinic,Mumbai,Address 87,9800000086,Google Maps
Business 88,School,Pune,Address 88,9800000087,Google Maps
Business 89,School,Kanpur,Address 89,9800000088,Google Maps
Business 90,Hospital,Mumbai,Address 90,9800000089,Google Maps
Business 91,Restaurant,Lucknow,Address 91,9800000090,Google Maps
Business 92,Restaurant,Lucknow,Address 92,9800000091,Google Maps
Business 93,School,Mumbai,Address 93,9800000092,Google Maps
Business 94,Restaurant,Delhi,Address 94,9800000093,Google Maps
Business 95,Clinic,Pune,Address 95,9800000094,Google Maps
Business 96,School,Delhi,Address 96,9800000095,Google Maps
Business 97,School,Kanpur,Address 97,9800000096,Google Maps
Business 98,Salon,Mumbai,Address 98,9800000097,Google Maps
Business 99,Gym,Pune,Address 99,9800000098,Google Maps
Business 100,Hospital,Kanpur,Address 100,9800000099,Google Maps
Business 101,School,Delhi,Address 101,9800000100,Google Maps
Business 102,School,Noida,Address 102,9800000101,Google Maps
Business 103,Salon,Kanpur,Address 103,9800000102,Google Maps
Business 104,School,Delhi,Address 104,9800000103,Google Maps
Business 105,Restaurant,Lucknow,Address 105,9800000104,Google Maps
Business 106,Hospital,Lucknow,Address 106,9800000105,Google Maps
Business 107,Gym,Lucknow,Address 107,9800000106,Google Maps
Business 108,Restaurant,Pune,Address 108,9800000107,Google Maps
Business 109,Gym,Lucknow,Address 109,9800000108,Google Maps
Business 110,Salon,Lucknow,Address 110,9800000109,Google Maps
Business 111,Clinic,Kanpur,Address 111,9800000110,Google Maps
Business 112,Gym,Lucknow,Address 112,9800000111,Google Maps
Business 113,Gym,Pune,Address 113,9800000112,Google Maps
Business 114,Restaurant,Pune,Address 114,9800000113,Google Maps
Business 115,Hospital,Noida,Address 115,9800000114,Google Maps
Business 116,Hospital,Pune,Address 116,9800000115,Google Maps
Business 117,Gym,Pune,Address 117,9800000116,Google Maps
Business 118,Hospital,Noida,Address 118,9800000117,Google Maps
Business 119,Gym,Delhi,Address 119,9800000118,Google Maps
Business 120,Gym,Lucknow,Address 120,9800000119,Google Maps
Business 121,Restaurant,Noida,Address 121,9800000120,Google Maps
Business 122,Salon,Kanpur,Address 122,9800000121,Google Maps
Business 123,Clinic,Lucknow,Address 123,9800000122,Google Maps
Business 124,Hospital,Delhi,Address 124,9800000123,Google Maps
Business 125,Salon,Pune,Address 125,9800000124,Google Maps
Business 126,School,Lucknow,Address 126,9800000125,Google Maps
Business 127,Gym,Noida,Address 127,9800000126,Google Maps
Business 128,Hospital,Lucknow,Address 128,9800000127,Google Maps
Business 129,School,Lucknow,Address 129,9800000128,Google Maps
Business 130,Clinic,Lucknow,Address 130,9800000129,Google Maps
Business 131,Gym,Kanpur,Address 131,9800000130,Google Maps
Business 132,Clinic,Mumbai,Address 132,9800000131,Google Maps
Business 133,Salon,Mumbai,Address 133,9800000132,Google Maps
Business 134,Clinic,Noida,Address 134,9800000133,Google Maps
Business 135,Hospital,Lucknow,Address 135,9800000134,Google Maps
Business 136,Salon,Mumbai,Address 136,9800000135,Google Maps
Business 137,Hospital,Kanpur,Address 137,9800000136,Google Maps
Business 138,Salon,Pune,Address 138,9800000137,Google Maps
Business 139,Clinic,Noida,Address 139,9800000138,Google Maps
Business 140,Restaurant,Lucknow,Address 140,9800000139,Google Maps
Business 141,School,Delhi,Address 141,9800000140,Google Maps
Business 142,Gym,Mumbai,Address 142,9800000141,Google Maps
Business 143,Clinic,Kanpur,Address 143,9800000142,Google Maps
Business 144,Gym,Mumbai,Address 144,9800000143,Google Maps
Business 145,Salon,Delhi,Address 145,9800000144,Google Maps
Business 146,Hospital,Kanpur,Address 146,9800000145,Google Maps
Business 147,Clinic,Mumbai,Address 147,9800000146,Google Maps
Business 148,Gym,Mumbai,Address 148,9800000147,Google Maps
Business 149,Hospital,Delhi,Address 149,9800000148,Google Maps
Business 150,Restaurant,Pune,Address 150,9800000149,Google Maps
Business 151,Gym,Lucknow,Address 151,9800000150,Google Maps
Business 152,Salon,Pune,Address 152,9800000151,Google Maps
Business 153,Clinic,Kanpur,Address 153,9800000152,Google Maps
Business 154,Clinic,Noida,Address 154,9800000153,Google Maps
Business 155,Clinic,Kanpur,Address 155,9800000154,Google Maps
Business 156,Gym,Mumbai,Address 156,9800000155,Google Maps
Business 157,Hospital,Noida,Address 157,9800000156,Google Maps
Business 158,Restaurant,Pune,Address 158,9800000157,Google Maps
Business 159,Gym,Delhi,Address 159,9800000158,Google Maps
Business 160,Hospital,Kanpur,Address 160,9800000159,Google Maps
Business 161,Restaurant,Lucknow,Address 161,9800000160,Google Maps
Business 162,Restaurant,Kanpur,Address 162,9800000161,Google Maps
Business 163,Salon,Pune,Address 163,9800000162,Google Maps
Business 164,Salon,Pune,Address 164,9800000163,Google Maps
Business 165,Hospital,Noida,Address 165,9800000164,Google Maps
Business 166,School,Kanpur,Address 166,9800000165,Google Maps
Business 167,Gym,Mumbai,Address 167,9800000166,Google Maps
Business 168,Salon,Pune,Address 168,9800000167,Google Maps
Business 169,Hospital,Kanpur,Address 169,9800000168,Google Maps
Business 170,Clinic,Delhi,Address 170,9800000169,Google Maps
Business 171,Salon,Mumbai,Address 171,9800000170,Google Maps
Business 172,Gym,Kanpur,Address 172,9800000171,Google Maps
Business 173,Clinic,Mumbai,Address 173,9800000172,Google Maps
Business 174,Clinic,Mumbai,Address 174,9800000173,Google Maps
Business 175,School,Noida,Address 175,9800000174,Google Maps
Business 176,School,Noida,Address 176,9800000175,Google Maps
Business 177,School,Kanpur,Address 177,9800000176,Google Maps
Business 178,Hospital,Delhi,Address 178,9800000177,Google Maps
Business 179,Clinic,Lucknow,Address 179,9800000178,Google Maps
Business 180,Salon,Delhi,Address 180,9800000179,Google Maps
Business 181,Salon,Kanpur,Address 181,9800000180,Google Maps
Business 182,Hospital,Pune,Address 182,9800000181,Google Maps
Business 183,Salon,Lucknow,Address 183,9800000182,Google Maps
Business 184,Salon,Delhi,Address 184,9800000183,Google Maps
Business 185,School,Delhi,Address 185,9800000184,Google Maps
Business 186,Hospital,Pune,Address 186,9800000185,Google Maps
Business 187,Gym,Lucknow,Address 187,9800000186,Google Maps
Business 188,Gym,Mumbai,Address 188,9800000187,Google Maps
Business 189,School,Kanpur,Address 189,9800000188,Google Maps
Business 190,School,Noida,Address 190,9800000189,Google Maps
Business 191,Clinic,Pune,Address 191,9800000190,Google Maps
Business 192,Gym,Mumbai,Address 192,9800000191,Google Maps
Business 193,Restaurant,Noida,Address 193,9800000192,Google Maps
Business 194,Gym,Pune,Address 194,9800000193,Google Maps
Business 195,Hospital,Noida,Address 195,9800000194,Google Maps
Business 196,Restaurant,Kanpur,Address 196,9800000195,Google Maps
Business 197,Gym,Delhi,Address 197,9800000196,Google Maps
Business 198,Salon,Mumbai,Address 198,9800000197,Google Maps
Business 199,Restaurant,Mumbai,Address 199,9800000198,Google Maps
Business 200,Gym,Mumbai,Address 200,9800000199,Google Maps
Business 201,Gym,Noida,Address 201,9800000200,Google Maps
Business 202,Restaurant,Lucknow,Address 202,9800000201,Google Maps
Business 203,Restaurant,Lucknow,Address 203,9800000202,Google Maps
Business 204,Salon,Kanpur,Address 204,9800000203,Google Maps
Business 205,Gym,Pune,Address 205,9800000204,Google Maps
Business 206,Clinic,Lucknow,Address 206,9800000205,Google Maps
Business 207,Clinic,Delhi,Address 207,9800000206,Google Maps
Business 208,Salon,Delhi,Address 208,9800000207,Google Maps
Business 209,Restaurant,Delhi,Address 209,9800000208,Google Maps
Business 210,Clinic,Mumbai,Address 210,9800000209,Google Maps
Business 211,Gym,Mumbai,Address 211,9800000210,Google Maps
Business 212,Salon,Kanpur,Address 212,9800000211,Google Maps
Business 213,Hospital,Lucknow,Address 213,9800000212,Google Maps
Business 214,Salon,Kanpur,Address 214,9800000213,Google Maps
Business 215,Salon,Noida,Address 215,9800000214,Google Maps
Business 216,Gym,Pune,Address 216,9800000215,Google Maps
Business 217,Gym,Kanpur,Address 217,9800000216,Google Maps
Business 218,Salon,Delhi,Address 218,9800000217,Google Maps
Business 219,Clinic,Mumbai,Address 219,9800000218,Google Maps
Business 220,Restaurant,Kanpur,Address 220,9800000219,Google Maps
Business 221,Gym,Kanpur,Address 221,9800000220,Google Maps
Business 222,School,Lucknow,Address 222,9800000221,Google Maps
Business 223,Clinic,Kanpur,Address 223,9800000222,Google Maps
Business 224,Hospital,Kanpur,Address 224,9800000223,Google Maps
Business 225,Restaurant,Noida,Address 225,9800000224,Google Maps
Business 226,School,Mumbai,Address 226,9800000225,Google Maps
Business 227,Salon,Pune,Address 227,9800000226,Google Maps
Business 228,Salon,Noida,Address 228,9800000227,Google Maps
Business 229,Salon,Delhi,Address 229,9800000228,Google Maps
Business 230,Clinic,Mumbai,Address 230,9800000229,Google Maps
Business 231,Clinic,Lucknow,Address 231,9800000230,Google Maps
Business 232,Restaurant,Kanpur,Address 232,9800000231,Google Maps
Business 233,Clinic,Kanpur,Address 233,9800000232,Google Maps
Business 234,Hospital,Noida,Address 234,9800000233,Google Maps
Business 235,Gym,Delhi,Address 235,9800000234,Google Maps
Business 236,Gym,Pune,Address 236,9800000235,Google Maps
Business 237,Clinic,Pune,Address 237,9800000236,Google Maps
Business 238,School,Mumbai,Address 238,9800000237,Google Maps
Business 239,Hospital,Noida,Address 239,9800000238,Google Maps
Business 240,Salon,Pune,Address 240,9800000239,Google Maps
Business 241,Hospital,Lucknow,Address 241,9800000240,Google Maps
Business 242,Clinic,Kanpur,Address 242,9800000241,Google Maps
Business 243,Hospital,Noida,Address 243,9800000242,Google Maps
Business 244,School,Kanpur,Address 244,9800000243,Google Maps
Business 245,Salon,Delhi,Address 245,9800000244,Google Maps
Business 246,Salon,Mumbai,Address 246,9800000245,Google Maps
Business 247,Clinic,Pune,Address 247,9800000246,Google Maps
Business 248,Salon,Delhi,Address 248,9800000247,Google Maps
Business 249,Clinic,Noida,Address 249,9800000248,Google Maps
Business 250,Salon,Lucknow,Address 250,9800000249,Google Maps
Business 251,Salon,Delhi,Address 251,9800000250,Google Maps
Business 252,Hospital,Mumbai,Address 252,9800000251,Google Maps
Business 253,Clinic,Pune,Address 253,9800000252,Google Maps
Business 254,Gym,Mumbai,Address 254,9800000253,Google Maps
Business 255,Salon,Delhi,Address 255,9800000254,Google Maps
Business 256,Hospital,Pune,Address 256,9800000255,Google Maps
Business 257,Restaurant,Mumbai,Address 257,9800000256,Google Maps
Business 258,Hospital,Delhi,Address 258,9800000257,Google Maps
Business 259,Gym,Kanpur,Address 259,9800000258,Google Maps
Business 260,School,Pune,Address 260,9800000259,Google Maps
Business 261,Clinic,Noida,Address 261,9800000260,Google Maps
Business 262,Clinic,Pune,Address 262,9800000261,Google Maps
Business 263,Hospital,Noida,Address 263,9800000262,Google Maps
Business 264,Gym,Mumbai,Address 264,9800000263,Google Maps
Business 265,Hospital,Noida,Address 265,9800000264,Google Maps
Business 266,Salon,Pune,Address 266,9800000265,Google Maps
Business 267,School,Noida,Address 267,9800000266,Google Maps
Business 268,Hospital,Kanpur,Address 268,9800000267,Google Maps
Business 269,Clinic,Mumbai,Address 269,9800000268,Google Maps
Business 270,School,Pune,Address 270,9800000269,Google Maps
Business 271,Salon,Mumbai,Address 271,9800000270,Google Maps
Business 272,Gym,Lucknow,Address 272,9800000271,Google Maps
Business 273,Restaurant,Delhi,Address 273,9800000272,Google Maps
Business 274,Hospital,Noida,Address 274,9800000273,Google Maps
Business 275,Salon,Lucknow,Address 275,9800000274,Google Maps
Business 276,Hospital,Mumbai,Address 276,9800000275,Google Maps
Business 277,Clinic,Delhi,Address 277,9800000276,Google Maps
Business 278,Clinic,Lucknow,Address 278,9800000277,Google Maps
Business 279,Gym,Noida,Address 279,9800000278,Google Maps
Business 280,Hospital,Mumbai,Address 280,9800000279,Google Maps
Business 281,Gym,Mumbai,Address 281,9800000280,Google Maps
Business 282,School,Lucknow,Address 282,9800000281,Google Maps
Business 283,School,Delhi,Address 283,9800000282,Google Maps
Business 284,School,Kanpur,Address 284,9800000283,Google Maps
Business 285,Restaurant,Delhi,Address 285,9800000284,Google Maps
Business 286,Salon,Noida,Address 286,9800000285,Google Maps
Business 287,Salon,Lucknow,Address 287,9800000286,Google Maps
Business 288,Salon,Kanpur,Address 288,9800000287,Google Maps
Business 289,Clinic,Lucknow,Address 289,9800000288,Google Maps
Business 290,Hospital,Pune,Address 290,9800000289,Google Maps
Business 291,Restaurant,Pune,Address 291,9800000290,Google Maps
Business 292,Clinic,Delhi,Address 292,9800000291,Google Maps
Business 293,Hospital,Noida,Address 293,9800000292,Google Maps
Business 294,Gym,Noida,Address 294,9800000293,Google Maps
Business 295,Salon,Noida,Address 295,9800000294,Google Maps
Business 296,Gym,Pune,Address 296,9800000295,Google Maps
Business 297,Clinic,Kanpur,Address 297,9800000296,Google Maps
Business 298,Gym,Pune,Address 298,9800000297,Google Maps
Business 299,Hospital,Lucknow,Address 299,9800000298,Google Maps
Business 300,Restaurant,Mumbai,Address 300,9800000299,Google Maps
Business 301,School,Pune,Address 301,9800000300,Google Maps
Business 302,School,Lucknow,Address 302,9800000301,Google Maps
Business 303,Gym,Noida,Address 303,9800000302,Google Maps
Business 304,Salon,Mumbai,Address 304,9800000303,Google Maps
Business 305,Clinic,Lucknow,Address 305,9800000304,Google Maps
Business 306,School,Pune,Address 306,9800000305,Google Maps
Business 307,School,Noida,Address 307,9800000306,Google Maps
Business 308,Clinic,Mumbai,Address 308,9800000307,Google Maps
Business 309,Clinic,Noida,Address 309,9800000308,Google Maps
Business 310,Clinic,Pune,Address 310,9800000309,Google Maps
Business 311,Gym,Mumbai,Address 311,9800000310,Google Maps
Business 312,Gym,Noida,Address 312,9800000311,Google Maps
Business 313,Restaurant,Pune,Address 313,9800000312,Google Maps
Business 314,Gym,Pune,Address 314,9800000313,Google Maps
Business 315,School,Pune,Address 315,9800000314,Google Maps
Business 316,Salon,Pune,Address 316,9800000315,Google Maps
Business 317,Hospital,Mumbai,Address 317,9800000316,Google Maps
Business 318,School,Kanpur,Address 318,9800000317,Google Maps
Business 319,School,Noida,Address 319,9800000318,Google Maps
Business 320,Restaurant,Pune,Address 320,9800000319,Google Maps
Business 321,Hospital,Noida,Address 321,9800000320,Google Maps
Business 322,Gym,Kanpur,Address 322,9800000321,Google Maps
Business 323,Gym,Delhi,Address 323,9800000322,Google Maps
Business 324,Salon,Mumbai,Address 324,9800000323,Google Maps
Business 325,Salon,Lucknow,Address 325,9800000324,Google Maps
Business 326,Clinic,Noida,Address 326,9800000325,Google Maps
Business 327,Gym,Kanpur,Address 327,9800000326,Google Maps
Business 328,School,Noida,Address 328,9800000327,Google Maps
Business 329,Hospital,Mumbai,Address 329,9800000328,Google Maps
Business 330,School,Lucknow,Address 330,9800000329,Google Maps
Business 331,Hospital,Noida,Address 331,9800000330,Google Maps
Business 332,Clinic,Lucknow,Address 332,9800000331,Google Maps
Business 333,Gym,Mumbai,Address 333,9800000332,Google Maps
Business 334,Salon,Kanpur,Address 334,9800000333,Google Maps
Business 335,Restaurant,Noida,Address 335,9800000334,Google Maps
Business 336,Restaurant,Noida,Address 336,9800000335,Google Maps
Business 337,Clinic,Lucknow,Address 337,9800000336,Google Maps
Business 338,Salon,Lucknow,Address 338,9800000337,Google Maps
Business 339,Gym,Kanpur,Address 339,9800000338,Google Maps
Business 340,School,Noida,Address 340,9800000339,Google Maps
Business 341,Clinic,Pune,Address 341,9800000340,Google Maps
Business 342,Gym,Noida,Address 342,9800000341,Google Maps
Business 343,Salon,Kanpur,Address 343,9800000342,Google Maps
Business 344,Restaurant,Delhi,Address 344,9800000343,Google Maps
Business 345,Salon,Mumbai,Address 345,9800000344,Google Maps
Business 346,Restaurant,Kanpur,Address 346,9800000345,Google Maps
Business 347,Restaurant,Mumbai,Address 347,9800000346,Google Maps
Business 348,Gym,Lucknow,Address 348,9800000347,Google Maps
Business 349,Gym,Mumbai,Address 349,9800000348,Google Maps
Business 350,Hospital,Noida,Address 350,9800000349,Google Maps
Business 351,Clinic,Pune,Address 351,9800000350,Google Maps
Business 352,Restaurant,Delhi,Address 352,9800000351,Google Maps
Business 353,Restaurant,Delhi,Address 353,9800000352,Google Maps
Business 354,Hospital,Lucknow,Address 354,9800000353,Google Maps
Business 355,Clinic,Lucknow,Address 355,9800000354,Google Maps
Business 356,Salon,Mumbai,Address 356,9800000355,Google Maps
Business 357,Restaurant,Delhi,Address 357,9800000356,Google Maps
Business 358,School,Kanpur,Address 358,9800000357,Google Maps
Business 359,Gym,Delhi,Address 359,9800000358,Google Maps
Business 360,Salon,Lucknow,Address 360,9800000359,Google Maps
Business 361,Gym,Lucknow,Address 361,9800000360,Google Maps
Business 362,Clinic,Pune,Address 362,9800000361,Google Maps
Business 363,Gym,Noida,Address 363,9800000362,Google Maps
Business 364,Gym,Delhi,Address 364,9800000363,Google Maps
Business 365,Salon,Noida,Address 365,9800000364,Google Maps
Business 366,School,Pune,Address 366,9800000365,Google Maps
Business 367,Hospital,Delhi,Address 367,9800000366,Google Maps
Business 368,School,Noida,Address 368,9800000367,Google Maps
Business 369,Clinic,Mumbai,Address 369,9800000368,Google Maps
Business 370,School,Delhi,Address 370,9800000369,Google Maps
Business 371,Gym,Pune,Address 371,9800000370,Google Maps
Business 372,Gym,Delhi,Address 372,9800000371,Google Maps
Business 373,School,Delhi,Address 373,9800000372,Google Maps
Business 374,Restaurant,Noida,Address 374,9800000373,Google Maps
Business 375,Hospital,Lucknow,Address 375,9800000374,Google Maps
Business 376,Restaurant,Mumbai,Address 376,9800000375,Google Maps
Business 377,Salon,Lucknow,Address 377,9800000376,Google Maps
Business 378,Gym,Lucknow,Address 378,9800000377,Google Maps
Business 379,Hospital,Delhi,Address 379,9800000378,Google Maps
Business 380,School,Kanpur,Address 380,9800000379,Google Maps
Business 381,Salon,Kanpur,Address 381,9800000380,Google Maps
Business 382,Gym,Noida,Address 382,9800000381,Google Maps
Business 383,School,Kanpur,Address 383,9800000382,Google Maps
Business 384,Clinic,Pune,Address 384,9800000383,Google Maps
Business 385,Clinic,Delhi,Address 385,9800000384,Google Maps
Business 386,Hospital,Kanpur,Address 386,9800000385,Google Maps
Business 387,Restaurant,Delhi,Address 387,9800000386,Google Maps
Business 388,Gym,Noida,Address 388,9800000387,Google Maps
Business 389,Clinic,Noida,Address 389,9800000388,Google Maps
Business 390,Hospital,Lucknow,Address 390,9800000389,Google Maps
Business 391,Gym,Kanpur,Address 391,9800000390,Google Maps
Business 392,Restaurant,Mumbai,Address 392,9800000391,Google Maps
Business 393,Restaurant,Kanpur,Address 393,9800000392,Google Maps
Business 394,Gym,Mumbai,Address 394,9800000393,Google Maps
Business 395,School,Delhi,Address 395,9800000394,Google Maps
Business 396,Gym,Pune,Address 396,9800000395,Google Maps
Business 397,Restaurant,Pune,Address 397,9800000396,Google Maps
Business 398,Clinic,Kanpur,Address 398,9800000397,Google Maps
Business 399,School,Pune,Address 399,9800000398,Google Maps
Business 400,Gym,Noida,Address 400,9800000399,Google Maps
Business 401,Gym,Mumbai,Address 401,9800000400,Google Maps
Business 402,Hospital,Kanpur,Address 402,9800000401,Google Maps
Business 403,Salon,Lucknow,Address 403,9800000402,Google Maps
Business 404,Clinic,Mumbai,Address 404,9800000403,Google Maps
Business 405,Clinic,Noida,Address 405,9800000404,Google Maps
Business 406,Hospital,Noida,Address 406,9800000405,Google Maps
Business 407,School,Pune,Address 407,9800000406,Google Maps
Business 408,Restaurant,Delhi,Address 408,9800000407,Google Maps
Business 409,Restaurant,Noida,Address 409,9800000408,Google Maps
Business 410,Salon,Pune,Address 410,9800000409,Google Maps
Business 411,Clinic,Delhi,Address 411,9800000410,Google Maps
Business 412,School,Kanpur,Address 412,9800000411,Google Maps
Business 413,School,Noida,Address 413,9800000412,Google Maps
Business 414,Hospital,Delhi,Address 414,9800000413,Google Maps
Business 415,Salon,Noida,Address 415,9800000414,Google Maps
Business 416,Clinic,Delhi,Address 416,9800000415,Google Maps
Business 417,Salon,Mumbai,Address 417,9800000416,Google Maps
Business 418,Gym,Delhi,Address 418,9800000417,Google Maps
Business 419,Clinic,Noida,Address 419,9800000418,Google Maps
Business 420,Clinic,Lucknow,Address 420,9800000419,Google Maps
Business 421,School,Noida,Address 421,9800000420,Google Maps
Business 422,School,Noida,Address 422,9800000421,Google Maps
Business 423,Restaurant,Lucknow,Address 423,9800000422,Google Maps
Business 424,Clinic,Pune,Address 424,9800000423,Google Maps
Business 425,Gym,Lucknow,Address 425,9800000424,Google Maps
Business 426,Clinic,Delhi,Address 426,9800000425,Google Maps
Business 427,School,Lucknow,Address 427,9800000426,Google Maps
Business 428,Clinic,Pune,Address 428,9800000427,Google Maps
Business 429,Salon,Delhi,Address 429,9800000428,Google Maps
Business 430,Salon,Mumbai,Address 430,9800000429,Google Maps
Business 431,School,Noida,Address 431,9800000430,Google Maps
Business 432,Hospital,Kanpur,Address 432,9800000431,Google Maps
Business 433,Restaurant,Mumbai,Address 433,9800000432,Google Maps
Business 434,Hospital,Pune,Address 434,9800000433,Google Maps
Business 435,Restaurant,Kanpur,Address 435,9800000434,Google Maps
Business 436,Restaurant,Pune,Address 436,9800000435,Google Maps
Business 437,Hospital,Lucknow,Address 437,9800000436,Google Maps
Business 438,Restaurant,Lucknow,Address 438,9800000437,Google Maps
Business 439,Salon,Pune,Address 439,9800000438,Google Maps
Business 440,School,Delhi,Address 440,9800000439,Google Maps
Business 441,Gym,Delhi,Address 441,9800000440,Google Maps
Business 442,Restaurant,Noida,Address 442,9800000441,Google Maps
Business 443,School,Kanpur,Address 443,9800000442,Google Maps
Business 444,Salon,Lucknow,Address 444,9800000443,Google Maps
Business 445,Gym,Noida,Address 445,9800000444,Google Maps
Business 446,Salon,Mumbai,Address 446,9800000445,Google Maps
Business 447,Gym,Noida,Address 447,9800000446,Google Maps
Business 448,Gym,Delhi,Address 448,9800000447,Google Maps
Business 449,Salon,Kanpur,Address 449,9800000448,Google Maps
Business 450,Hospital,Lucknow,Address 450,9800000449,Google Maps
Business 451,Salon,Lucknow,Address 451,9800000450,Google Maps
Business 452,Hospital,Delhi,Address 452,9800000451,Google Maps
Business 453,Gym,Kanpur,Address 453,9800000452,Google Maps
Business 454,Hospital,Pune,Address 454,9800000453,Google Maps
Business 455,School,Lucknow,Address 455,9800000454,Google Maps
Business 456,Restaurant,Mumbai,Address 456,9800000455,Google Maps
Business 457,School,Pune,Address 457,9800000456,Google Maps
Business 458,Gym,Noida,Address 458,9800000457,Google Maps
Business 459,Salon,Lucknow,Address 459,9800000458,Google Maps
Business 460,Clinic,Pune,Address 460,9800000459,Google Maps
Business 461,Clinic,Lucknow,Address 461,9800000460,Google Maps
Business 462,Hospital,Delhi,Address 462,9800000461,Google Maps
Business 463,Restaurant,Pune,Address 463,9800000462,Google Maps
Business 464,Clinic,Delhi,Address 464,9800000463,Google Maps
Business 465,Restaurant,Delhi,Address 465,9800000464,Google Maps
Business 466,Salon,Kanpur,Address 466,9800000465,Google Maps
Business 467,Restaurant,Delhi,Address 467,9800000466,Google Maps
Business 468,Restaurant,Delhi,Address 468,9800000467,Google Maps
Business 469,Gym,Noida,Address 469,9800000468,Google Maps
Business 470,Clinic,Delhi,Address 470,9800000469,Google Maps
Business 471,Salon,Noida,Address 471,9800000470,Google Maps
Business 472,Salon,Mumbai,Address 472,9800000471,Google Maps
Business 473,Restaurant,Noida,Address 473,9800000472,Google Maps
Business 474,Hospital,Mumbai,Address 474,9800000473,Google Maps
Business 475,Gym,Delhi,Address 475,9800000474,Google Maps
Business 476,Clinic,Kanpur,Address 476,9800000475,Google Maps
Business 477,Hospital,Kanpur,Address 477,9800000476,Google Maps
Business 478,Restaurant,Kanpur,Address 478,9800000477,Google Maps
Business 479,Salon,Pune,Address 479,9800000478,Google Maps
Business 480,Hospital,Mumbai,Address 480,9800000479,Google Maps
Business 481,Gym,Delhi,Address 481,9800000480,Google Maps
Business 482,Salon,Mumbai,Address 482,9800000481,Google Maps
Business 483,Hospital,Lucknow,Address 483,9800000482,Google Maps
Business 484,School,Kanpur,Address 484,9800000483,Google Maps
Business 485,Clinic,Mumbai,Address 485,9800000484,Google Maps
Business 486,Gym,Kanpur,Address 486,9800000485,Google Maps
Business 487,Gym,Delhi,Address 487,9800000486,Google Maps
Business 488,School,Delhi,Address 488,9800000487,Google Maps
Business 489,Gym,Lucknow,Address 489,9800000488,Google Maps
Business 490,Clinic,Lucknow,Address 490,9800000489,Google Maps
Business 491,School,Noida,Address 491,9800000490,Google Maps
Business 492,Restaurant,Noida,Address 492,9800000491,Google Maps
Business 493,Salon,Mumbai,Address 493,9800000492,Google Maps
Business 494,Restaurant,Noida,Address 494,9800000493,Google Maps
Business 495,Salon,Pune,Address 495,9800000494,Google Maps
Business 496,Gym,Mumbai,Address 496,9800000495,Google Maps
Business 497,Restaurant,Delhi,Address 497,9800000496,Google Maps
Business 498,Restaurant,Pune,Address 498,9800000497,Google Maps
Business 499,Clinic,Pune,Address 499,9800000498,Google Maps
Business 500,Gym,Noida,Address 500,9800000499,Google Maps
Business 501,Hospital,Mumbai,Address 501,9800000500,Google Maps
Business 502,School,Pune,Address 502,9800000501,Google Maps
Business 503,Restaurant,Pune,Address 503,9800000502,Google Maps
Business 504,Hospital,Delhi,Address 504,9800000503,Google Maps
Business 505,Gym,Delhi,Address 505,9800000504,Google Maps
Business 506,Clinic,Kanpur,Address 506,9800000505,Google Maps
Business 507,Clinic,Kanpur,Address 507,9800000506,Google Maps
Business 508,Restaurant,Kanpur,Address 508,9800000507,Google Maps
Business 509,Salon,Mumbai,Address 509,9800000508,Google Maps
Business 510,Clinic,Kanpur,Address 510,9800000509,Google Maps
Business 511,Clinic,Delhi,Address 511,9800000510,Google Maps
Business 512,Clinic,Lucknow,Address 512,9800000511,Google Maps
Business 513,Restaurant,Noida,Address 513,9800000512,Google Maps
Business 514,Hospital,Noida,Address 514,9800000513,Google Maps
Business 515,Gym,Noida,Address 515,9800000514,Google Maps
Business 516,Restaurant,Mumbai,Address 516,9800000515,Google Maps
Business 517,Gym,Delhi,Address 517,9800000516,Google Maps
Business 518,Salon,Kanpur,Address 518,9800000517,Google Maps
Business 519,Clinic,Mumbai,Address 519,9800000518,Google Maps
Business 520,Restaurant,Delhi,Address 520,9800000519,Google Maps
Business 521,Clinic,Noida,Address 521,9800000520,Google Maps
Business 522,Gym,Pune,Address 522,9800000521,Google Maps
Business 523,School,Kanpur,Address 523,9800000522,Google Maps
Business 524,Restaurant,Mumbai,Address 524,9800000523,Google Maps
Business 525,Clinic,Delhi,Address 525,9800000524,Google Maps
Business 526,Hospital,Noida,Address 526,9800000525,Google Maps
Business 527,Hospital,Noida,Address 527,9800000526,Google Maps
Business 528,Salon,Lucknow,Address 528,9800000527,Google Maps
Business 529,Clinic,Kanpur,Address 529,9800000528,Google Maps
Business 530,Restaurant,Delhi,Address 530,9800000529,Google Maps
Business 531,Clinic,Pune,Address 531,9800000530,Google Maps
Business 532,School,Delhi,Address 532,9800000531,Google Maps
Business 533,Gym,Kanpur,Address 533,9800000532,Google Maps
Business 534,School,Mumbai,Address 534,9800000533,Google Maps
Business 535,Hospital,Pune,Address 535,9800000534,Google Maps
Business 536,School,Kanpur,Address 536,9800000535,Google Maps
Business 537,Restaurant,Pune,Address 537,9800000536,Google Maps
Business 538,Hospital,Noida,Address 538,9800000537,Google Maps
Business 539,Gym,Mumbai,Address 539,9800000538,Google Maps
Business 540,Restaurant,Lucknow,Address 540,9800000539,Google Maps
Business 541,Hospital,Lucknow,Address 541,9800000540,Google Maps
Business 542,Hospital,Mumbai,Address 542,9800000541,Google Maps
Business 543,Gym,Kanpur,Address 543,9800000542,Google Maps
Business 544,Salon,Pune,Address 544,9800000543,Google Maps
Business 545,School,Kanpur,Address 545,9800000544,Google Maps
Business 546,Gym,Pune,Address 546,9800000545,Google Maps
Business 547,Gym,Kanpur,Address 547,9800000546,Google Maps
Business 548,Salon,Kanpur,Address 548,9800000547,Google Maps
Business 549,School,Mumbai,Address 549,9800000548,Google Maps
Business 550,Gym,Lucknow,Address 550,9800000549,Google Maps
Business 551,Hospital,Kanpur,Address 551,9800000550,Google Maps
Business 552,Gym,Delhi,Address 552,9800000551,Google Maps
Business 553,Gym,Pune,Address 553,9800000552,Google Maps
Business 554,Gym,Lucknow,Address 554,9800000553,Google Maps
Business 555,Hospital,Mumbai,Address 555,9800000554,Google Maps
Business 556,Salon,Delhi,Address 556,9800000555,Google Maps
Business 557,School,Kanpur,Address 557,9800000556,Google Maps
Business 558,Clinic,Pune,Address 558,9800000557,Google Maps
Business 559,Hospital,Kanpur,Address 559,9800000558,Google Maps
Business 560,School,Noida,Address 560,9800000559,Google Maps
Business 561,Gym,Kanpur,Address 561,9800000560,Google Maps
Business 562,Hospital,Mumbai,Address 562,9800000561,Google Maps
Business 563,Hospital,Pune,Address 563,9800000562,Google Maps
Business 564,Salon,Kanpur,Address 564,9800000563,Google Maps
Business 565,Clinic,Noida,Address 565,9800000564,Google Maps
Business 566,Salon,Lucknow,Address 566,9800000565,Google Maps
Business 567,Salon,Pune,Address 567,9800000566,Google Maps
Business 568,Restaurant,Pune,Address 568,9800000567,Google Maps
Business 569,Restaurant,Delhi,Address 569,9800000568,Google Maps
Business 570,Clinic,Noida,Address 570,9800000569,Google Maps
Business 571,Restaurant,Mumbai,Address 571,9800000570,Google Maps
Business 572,School,Pune,Address 572,9800000571,Google Maps
Business 573,School,Kanpur,Address 573,9800000572,Google Maps
Business 574,Salon,Delhi,Address 574,9800000573,Google Maps
Business 575,Gym,Delhi,Address 575,9800000574,Google Maps
Business 576,Salon,Pune,Address 576,9800000575,Google Maps
Business 577,School,Delhi,Address 577,9800000576,Google Maps
Business 578,Hospital,Noida,Address 578,9800000577,Google Maps
Business 579,School,Delhi,Address 579,9800000578,Google Maps
Business 580,Hospital,Mumbai,Address 580,9800000579,Google Maps
Business 581,Restaurant,Noida,Address 581,9800000580,Google Maps
Business 582,Restaurant,Kanpur,Address 582,9800000581,Google Maps
Business 583,Salon,Mumbai,Address 583,9800000582,Google Maps
Business 584,Restaurant,Lucknow,Address 584,9800000583,Google Maps
Business 585,Restaurant,Lucknow,Address 585,9800000584,Google Maps
Business 586,Salon,Delhi,Address 586,9800000585,Google Maps
Business 587,Clinic,Noida,Address 587,9800000586,Google Maps
Business 588,School,Noida,Address 588,9800000587,Google Maps
Business 589,Salon,Mumbai,Address 589,9800000588,Google Maps
Business 590,Hospital,Noida,Address 590,9800000589,Google Maps
Business 591,School,Mumbai,Address 591,9800000590,Google Maps
Business 592,Gym,Lucknow,Address 592,9800000591,Google Maps
Business 593,School,Pune,Address 593,9800000592,Google Maps
Business 594,Clinic,Pune,Address 594,9800000593,Google Maps
Business 595,School,Pune,Address 595,9800000594,Google Maps
Business 596,Gym,Mumbai,Address 596,9800000595,Google Maps
Business 597,Gym,Pune,Address 597,9800000596,Google Maps
Business 598,Restaurant,Pune,Address 598,9800000597,Google Maps
Business 599,Hospital,Mumbai,Address 599,9800000598,Google Maps
Business 600,Hospital,Noida,Address 600,9800000599,Google Maps
